,meanx,meany,stx,sty,s,i,r
0,0.1,0.1,0.0001,0.0001,0.9069832451489057,0.21461077903010667,0.9099999999999999
1,0.1,0.2,0.0001,0.0001,0.9069832451489054,0.515592623775895,0.9099999999999999
2,0.1,0.30000000000000004,0.0001,0.0001,0.9069832451489054,0.6916678276261413,0.9099999999999999
3,0.1,0.4,0.0001,0.0001,0.9069832451489054,0.8165985357128399,0.9099999999999999
4,0.1,0.5,0.0001,0.0001,0.9069832451489056,0.9135037313138608,0.9099999999999999
5,0.1,0.6,0.0001,0.0001,0.906983245148905,0.9926817656342563,0.9099999999999999
6,0.1,0.7000000000000001,0.0001,0.0001,0.9069832451489053,1.0596262611139702,0.9099999999999999
7,0.1,0.8,0.0001,0.0001,0.9069832451489054,1.1176164874456571,0.9099999999999999
8,0.1,0.9,0.0001,0.0001,0.9069832451489053,1.1687676715933644,0.9099999999999999
9,0.2,0.1,0.0001,0.0001,0.9069832451489057,0.03225753661348112,0.9099999999999999
10,0.2,0.2,0.0001,0.0001,0.9069832451489056,0.33323938135926945,0.9099999999999999
11,0.2,0.30000000000000004,0.0001,0.0001,0.9069832451489056,0.5093145852095157,0.9099999999999999
12,0.2,0.4,0.0001,0.0001,0.9069832451489057,0.6342452932962143,0.9099999999999999
13,0.2,0.5,0.0001,0.0001,0.9069832451489056,0.731150488897235,0.9099999999999999
14,0.2,0.6,0.0001,0.0001,0.9069832451489056,0.8103285232176305,0.9099999999999999
15,0.2,0.7000000000000001,0.0001,0.0001,0.9069832451489056,0.8772730186973442,0.9099999999999999
16,0.2,0.8,0.0001,0.0001,0.9069832451489057,0.9352632450290314,0.9099999999999999
17,0.2,0.9,0.0001,0.0001,0.9069832451489056,0.9864144291767385,0.9099999999999999
18,0.30000000000000004,0.1,0.0001,0.0001,0.9069832451489059,-0.03676341501490932,0.9099999999999999
19,0.30000000000000004,0.2,0.0001,0.0001,0.9069832451489059,0.2642184297308789,0.9099999999999999
20,0.30000000000000004,0.30000000000000004,0.0001,0.0001,0.9069832451489059,0.44029363358112505,0.9099999999999999
21,0.30000000000000004,0.4,0.0001,0.0001,0.9069832451489063,0.5652243416678236,0.9099999999999999
22,0.30000000000000004,0.5,0.0001,0.0001,0.9069832451489062,0.6621295372688444,0.9099999999999999
23,0.30000000000000004,0.6,0.0001,0.0001,0.9069832451489063,0.7413075715892397,0.9099999999999999
24,0.30000000000000004,0.7000000000000001,0.0001,0.0001,0.9069832451489063,0.8082520670689535,0.9099999999999999
25,0.30000000000000004,0.8,0.0001,0.0001,0.9069832451489063,0.8662422934006406,0.9099999999999999
26,0.30000000000000004,0.9,0.0001,0.0001,0.9069832451489063,0.9173934775483478,0.9099999999999999
27,0.4,0.1,0.0001,0.0001,0.9069832451489059,-0.059386156000253876,0.9099999999999999
28,0.4,0.2,0.0001,0.0001,0.9069832451489059,0.24159568874553425,0.9099999999999999
29,0.4,0.30000000000000004,0.0001,0.0001,0.9069832451489059,0.4176708925957805,0.9099999999999999
30,0.4,0.4,0.0001,0.0001,0.9069832451489059,0.5426016006824792,0.9099999999999999
31,0.4,0.5,0.0001,0.0001,0.9069832451489062,0.6395067962834997,0.9099999999999999
32,0.4,0.6,0.0001,0.0001,0.9069832451489062,0.7186848306038952,0.9099999999999999
33,0.4,0.7000000000000001,0.0001,0.0001,0.9069832451489062,0.785629326083609,0.9099999999999999
34,0.4,0.8,0.0001,0.0001,0.9069832451489062,0.8436195524152961,0.9099999999999999
35,0.4,0.9,0.0001,0.0001,0.9069832451489062,0.8947707365630034,0.9099999999999999
36,0.5,0.1,0.0001,0.0001,0.9069832451489056,-0.0565858235892272,0.9099999999999999
37,0.5,0.2,0.0001,0.0001,0.9069832451489057,0.24439602115656087,0.9099999999999999
38,0.5,0.30000000000000004,0.0001,0.0001,0.9069832451489057,0.4204712250068071,0.9099999999999999
39,0.5,0.4,0.0001,0.0001,0.9069832451489057,0.5454019330935057,0.9099999999999999
40,0.5,0.5,0.0001,0.0001,0.9069832451489057,0.6423071286945264,0.9099999999999999
41,0.5,0.6,0.0001,0.0001,0.9069832451489056,0.7214851630149218,0.9099999999999999
42,0.5,0.7000000000000001,0.0001,0.0001,0.9069832451489057,0.7884296584946358,0.9099999999999999
43,0.5,0.8,0.0001,0.0001,0.9069832451489056,0.8464198848263227,0.9099999999999999
44,0.5,0.9,0.0001,0.0001,0.9069832451489059,0.8975710689740298,0.9099999999999999
45,0.6,0.1,0.0001,0.0001,0.9069832451489056,-0.03770505157455199,0.9099999999999999
46,0.6,0.2,0.0001,0.0001,0.9069832451489059,0.26327679317123587,0.9099999999999999
47,0.6,0.30000000000000004,0.0001,0.0001,0.9069832451489057,0.4393519970214824,0.9099999999999999
48,0.6,0.4,0.0001,0.0001,0.9069832451489059,0.5642827051081808,0.9099999999999999
49,0.6,0.5,0.0001,0.0001,0.9069832451489056,0.6611879007092016,0.9099999999999999
50,0.6,0.6,0.0001,0.0001,0.9069832451489056,0.7403659350295971,0.9099999999999999
51,0.6,0.7000000000000001,0.0001,0.0001,0.9069832451489056,0.8073104305093111,0.9099999999999999
52,0.6,0.8,0.0001,0.0001,0.9069832451489056,0.8653006568409982,0.9099999999999999
53,0.6,0.9,0.0001,0.0001,0.9069832451489056,0.916451840988705,0.9099999999999999
54,0.7000000000000001,0.1,0.0001,0.0001,0.9069832451489059,-0.007727406979327693,0.9099999999999999
55,0.7000000000000001,0.2,0.0001,0.0001,0.9069832451489059,0.29325443776646065,0.9099999999999999
56,0.7000000000000001,0.30000000000000004,0.0001,0.0001,0.9069832451489059,0.4693296416167067,0.9099999999999999
57,0.7000000000000001,0.4,0.0001,0.0001,0.9069832451489059,0.5942603497034055,0.9099999999999999
58,0.7000000000000001,0.5,0.0001,0.0001,0.9069832451489059,0.6911655453044261,0.9099999999999999
59,0.7000000000000001,0.6,0.0001,0.0001,0.9069832451489059,0.7703435796248217,0.9099999999999999
60,0.7000000000000001,0.7000000000000001,0.0001,0.0001,0.9069832451489059,0.8372880751045353,0.9099999999999999
61,0.7000000000000001,0.8,0.0001,0.0001,0.9069832451489059,0.8952783014362227,0.9099999999999999
62,0.7000000000000001,0.9,0.0001,0.0001,0.9069832451489057,0.9464294855839299,0.9099999999999999
63,0.8,0.1,0.0001,0.0001,0.9069832451489059,0.03037239580831666,0.9099999999999999
64,0.8,0.2,0.0001,0.0001,0.9069832451489062,0.33135424055410473,0.9099999999999999
65,0.8,0.30000000000000004,0.0001,0.0001,0.9069832451489059,0.5074294444043511,0.9099999999999999
66,0.8,0.4,0.0001,0.0001,0.9069832451489063,0.6323601524910496,0.9099999999999999
67,0.8,0.5,0.0001,0.0001,0.9069832451489063,0.72926534809207,0.9099999999999999
68,0.8,0.6,0.0001,0.0001,0.9069832451489059,0.8084433824124659,0.9099999999999999
69,0.8,0.7000000000000001,0.0001,0.0001,0.9069832451489062,0.8753878778921796,0.9099999999999999
70,0.8,0.8,0.0001,0.0001,0.9069832451489059,0.9333781042238668,0.9099999999999999
71,0.8,0.9,0.0001,0.0001,0.9069832451489059,0.9845292883715739,0.9099999999999999
72,0.9,0.1,0.0001,0.0001,0.9069832451489062,0.07467561931989268,0.9099999999999999
73,0.9,0.2,0.0001,0.0001,0.9069832451489063,0.37565746406568096,0.9099999999999999
74,0.9,0.30000000000000004,0.0001,0.0001,0.9069832451489062,0.5517326679159273,0.9099999999999999
75,0.9,0.4,0.0001,0.0001,0.9069832451489059,0.6766633760026262,0.9099999999999999
76,0.9,0.5,0.0001,0.0001,0.9069832451489063,0.7735685716036462,0.9099999999999999
77,0.9,0.6,0.0001,0.0001,0.9069832451489059,0.8527466059240421,0.9099999999999999
78,0.9,0.7000000000000001,0.0001,0.0001,0.9069832451489062,0.9196911014037559,0.9099999999999999
79,0.9,0.8,0.0001,0.0001,0.9069832451489063,0.9776813277354428,0.9099999999999999
80,0.9,0.9,0.0001,0.0001,0.9069832451489063,1.02883251188315,0.9099999999999999
81,0.1,0.1,0.0001,0.0002782559402207126,0.9069832451489056,0.21478226352341961,0.9099999999999999
82,0.1,0.2,0.0001,0.0002782559402207126,0.9069832451489053,0.5156784402763425,0.9099999999999999
83,0.1,0.30000000000000004,0.0001,0.0002782559402207126,0.9069832451489056,0.6917250551395208,0.9099999999999999
84,0.1,0.4,0.0001,0.0002782559402207126,0.9069832451489054,0.8166414625420033,0.9099999999999999
85,0.1,0.5,0.0001,0.0002782559402207126,0.906983245148905,0.9135380757508145,0.9099999999999999
86,0.1,0.6,0.0001,0.0002782559402207126,0.9069832451489053,0.9927103876505505,0.9099999999999999
87,0.1,0.7000000000000001,0.0001,0.0002782559402207126,0.9069832451489053,1.0596507952823884,0.9099999999999999
88,0.1,0.8,0.0001,0.0002782559402207126,0.906983245148905,1.1176379555069131,0.9099999999999999
89,0.1,0.9,0.0001,0.0002782559402207126,0.9069832451489053,1.1687867547734823,0.9099999999999999
90,0.2,0.1,0.0001,0.0002782559402207126,0.9069832451489056,0.03242902110679415,0.9099999999999999
91,0.2,0.2,0.0001,0.0002782559402207126,0.9069832451489054,0.33332519785971665,0.9099999999999999
92,0.2,0.30000000000000004,0.0001,0.0002782559402207126,0.9069832451489057,0.5093718127228952,0.9099999999999999
93,0.2,0.4,0.0001,0.0002782559402207126,0.9069832451489054,0.6342882201253778,0.9099999999999999
94,0.2,0.5,0.0001,0.0002782559402207126,0.9069832451489056,0.7311848333341886,0.9099999999999999
95,0.2,0.6,0.0001,0.0002782559402207126,0.9069832451489056,0.8103571452339248,0.9099999999999999
96,0.2,0.7000000000000001,0.0001,0.0002782559402207126,0.9069832451489054,0.8772975528657627,0.9099999999999999
97,0.2,0.8,0.0001,0.0002782559402207126,0.9069832451489057,0.9352847130902873,0.9099999999999999
98,0.2,0.9,0.0001,0.0002782559402207126,0.9069832451489056,0.9864335123568566,0.9099999999999999
99,0.30000000000000004,0.1,0.0001,0.0002782559402207126,0.9069832451489059,-0.03659193052159639,0.9099999999999999
100,0.30000000000000004,0.2,0.0001,0.0002782559402207126,0.9069832451489059,0.26430424623132626,0.9099999999999999
101,0.30000000000000004,0.30000000000000004,0.0001,0.0002782559402207126,0.9069832451489059,0.4403508610945045,0.9099999999999999
102,0.30000000000000004,0.4,0.0001,0.0002782559402207126,0.9069832451489062,0.565267268496987,0.9099999999999999
103,0.30000000000000004,0.5,0.0001,0.0002782559402207126,0.9069832451489062,0.6621638817057981,0.9099999999999999
104,0.30000000000000004,0.6,0.0001,0.0002782559402207126,0.9069832451489056,0.7413361936055342,0.9099999999999999
105,0.30000000000000004,0.7000000000000001,0.0001,0.0002782559402207126,0.9069832451489062,0.8082766012373719,0.9099999999999999
106,0.30000000000000004,0.8,0.0001,0.0002782559402207126,0.9069832451489063,0.8662637614618968,0.9099999999999999
107,0.30000000000000004,0.9,0.0001,0.0002782559402207126,0.9069832451489062,0.917412560728466,0.9099999999999999
108,0.4,0.1,0.0001,0.0002782559402207126,0.9069832451489057,-0.0592146715069408,0.9099999999999999
109,0.4,0.2,0.0001,0.0002782559402207126,0.9069832451489057,0.24168150524598167,0.9099999999999999
110,0.4,0.30000000000000004,0.0001,0.0002782559402207126,0.9069832451489059,0.41772812010916,0.9099999999999999
111,0.4,0.4,0.0001,0.0002782559402207126,0.9069832451489062,0.5426445275116424,0.9099999999999999
112,0.4,0.5,0.0001,0.0002782559402207126,0.9069832451489063,0.6395411407204532,0.9099999999999999
113,0.4,0.6,0.0001,0.0002782559402207126,0.9069832451489056,0.7187134526201897,0.9099999999999999
114,0.4,0.7000000000000001,0.0001,0.0002782559402207126,0.9069832451489062,0.7856538602520273,0.9099999999999999
115,0.4,0.8,0.0001,0.0002782559402207126,0.9069832451489059,0.8436410204765521,0.9099999999999999
116,0.4,0.9,0.0001,0.0002782559402207126,0.9069832451489059,0.8947898197431211,0.9099999999999999
117,0.5,0.1,0.0001,0.0002782559402207126,0.9069832451489056,-0.05641433909591427,0.9099999999999999
118,0.5,0.2,0.0001,0.0002782559402207126,0.9069832451489056,0.2444818376570083,0.9099999999999999
119,0.5,0.30000000000000004,0.0001,0.0002782559402207126,0.9069832451489056,0.4205284525201868,0.9099999999999999
120,0.5,0.4,0.0001,0.0002782559402207126,0.9069832451489056,0.5454448599226692,0.9099999999999999
121,0.5,0.5,0.0001,0.0002782559402207126,0.9069832451489057,0.64234147313148,0.9099999999999999
122,0.5,0.6,0.0001,0.0002782559402207126,0.9069832451489056,0.7215137850312161,0.9099999999999999
123,0.5,0.7000000000000001,0.0001,0.0002782559402207126,0.9069832451489057,0.7884541926630538,0.9099999999999999
124,0.5,0.8,0.0001,0.0002782559402207126,0.9069832451489059,0.8464413528875785,0.9099999999999999
125,0.5,0.9,0.0001,0.0002782559402207126,0.9069832451489057,0.8975901521541478,0.9099999999999999
126,0.6,0.1,0.0001,0.0002782559402207126,0.9069832451489057,-0.03753356708123919,0.9099999999999999
127,0.6,0.2,0.0001,0.0002782559402207126,0.9069832451489059,0.26336260967168335,0.9099999999999999
128,0.6,0.30000000000000004,0.0001,0.0002782559402207126,0.9069832451489059,0.43940922453486164,0.9099999999999999
129,0.6,0.4,0.0001,0.0002782559402207126,0.9069832451489054,0.5643256319373444,0.9099999999999999
130,0.6,0.5,0.0001,0.0002782559402207126,0.9069832451489056,0.6612222451461556,0.9099999999999999
131,0.6,0.6,0.0001,0.0002782559402207126,0.9069832451489056,0.7403945570458913,0.9099999999999999
132,0.6,0.7000000000000001,0.0001,0.0002782559402207126,0.9069832451489057,0.8073349646777288,0.9099999999999999
133,0.6,0.8,0.0001,0.0002782559402207126,0.9069832451489059,0.8653221249022536,0.9099999999999999
134,0.6,0.9,0.0001,0.0002782559402207126,0.9069832451489059,0.916470924168823,0.9099999999999999
135,0.7000000000000001,0.1,0.0001,0.0002782559402207126,0.9069832451489059,-0.007555922486014663,0.9099999999999999
136,0.7000000000000001,0.2,0.0001,0.0002782559402207126,0.9069832451489059,0.2933402542669077,0.9099999999999999
137,0.7000000000000001,0.30000000000000004,0.0001,0.0002782559402207126,0.9069832451489059,0.4693868691300863,0.9099999999999999
138,0.7000000000000001,0.4,0.0001,0.0002782559402207126,0.9069832451489057,0.5943032765325688,0.9099999999999999
139,0.7000000000000001,0.5,0.0001,0.0002782559402207126,0.9069832451489059,0.6911998897413799,0.9099999999999999
140,0.7000000000000001,0.6,0.0001,0.0002782559402207126,0.9069832451489056,0.7703722016411161,0.9099999999999999
141,0.7000000000000001,0.7000000000000001,0.0001,0.0002782559402207126,0.9069832451489059,0.8373126092729539,0.9099999999999999
142,0.7000000000000001,0.8,0.0001,0.0002782559402207126,0.9069832451489056,0.8952997694974787,0.9099999999999999
143,0.7000000000000001,0.9,0.0001,0.0002782559402207126,0.9069832451489059,0.9464485687640476,0.9099999999999999
144,0.8,0.1,0.0001,0.0002782559402207126,0.9069832451489062,0.03054388030162956,0.9099999999999999
145,0.8,0.2,0.0001,0.0002782559402207126,0.9069832451489062,0.33144005705455204,0.9099999999999999
146,0.8,0.30000000000000004,0.0001,0.0002782559402207126,0.9069832451489062,0.5074866719177304,0.9099999999999999
147,0.8,0.4,0.0001,0.0002782559402207126,0.9069832451489063,0.6324030793202129,0.9099999999999999
148,0.8,0.5,0.0001,0.0002782559402207126,0.9069832451489057,0.7292996925290243,0.9099999999999999
149,0.8,0.6,0.0001,0.0002782559402207126,0.9069832451489059,0.8084720044287602,0.9099999999999999
150,0.8,0.7000000000000001,0.0001,0.0002782559402207126,0.9069832451489062,0.8754124120605979,0.9099999999999999
151,0.8,0.8,0.0001,0.0002782559402207126,0.9069832451489062,0.9333995722851226,0.9099999999999999
152,0.8,0.9,0.0001,0.0002782559402207126,0.9069832451489063,0.9845483715516915,0.9099999999999999
153,0.9,0.1,0.0001,0.0002782559402207126,0.9069832451489062,0.07484710381320572,0.9099999999999999
154,0.9,0.2,0.0001,0.0002782559402207126,0.9069832451489062,0.3757432805661282,0.9099999999999999
155,0.9,0.30000000000000004,0.0001,0.0002782559402207126,0.9069832451489062,0.5517898954293067,0.9099999999999999
156,0.9,0.4,0.0001,0.0002782559402207126,0.9069832451489062,0.676706302831789,0.9099999999999999
157,0.9,0.5,0.0001,0.0002782559402207126,0.9069832451489063,0.7736029160406,0.9099999999999999
158,0.9,0.6,0.0001,0.0002782559402207126,0.9069832451489063,0.8527752279403362,0.9099999999999999
159,0.9,0.7000000000000001,0.0001,0.0002782559402207126,0.9069832451489062,0.919715635572174,0.9099999999999999
160,0.9,0.8,0.0001,0.0002782559402207126,0.9069832451489063,0.9777027957966986,0.9099999999999999
161,0.9,0.9,0.0001,0.0002782559402207126,0.9069832451489057,1.0288515950632682,0.9099999999999999
162,0.1,0.1,0.0001,0.000774263682681127,0.9069832451489054,0.2152579598210022,0.9099999999999999
163,0.1,0.2,0.0001,0.000774263682681127,0.9069832451489054,0.5159168616420358,0.9099999999999999
164,0.1,0.30000000000000004,0.0001,0.000774263682681127,0.9069832451489054,0.6918841303604844,0.9099999999999999
165,0.1,0.4,0.0001,0.000774263682681127,0.9069832451489054,0.8167608168611734,0.9099999999999999
166,0.1,0.5,0.0001,0.000774263682681127,0.9069832451489053,0.9136335822092925,0.9099999999999999
167,0.1,0.6,0.0001,0.000774263682681127,0.9069832451489054,0.9927899891487687,0.9099999999999999
168,0.1,0.7000000000000001,0.0001,0.000774263682681127,0.9069832451489054,1.0597190329656052,0.9099999999999999
169,0.1,0.8,0.0001,0.000774263682681127,0.9069832451489048,1.1176976686172537,0.9099999999999999
170,0.1,0.9,0.0001,0.000774263682681127,0.9069832451489048,1.1688398366460042,0.9099999999999999
171,0.2,0.1,0.0001,0.000774263682681127,0.9069832451489056,0.03290471740437665,0.9099999999999999
172,0.2,0.2,0.0001,0.000774263682681127,0.9069832451489056,0.3335636192254102,0.9099999999999999
173,0.2,0.30000000000000004,0.0001,0.000774263682681127,0.9069832451489054,0.5095308879438587,0.9099999999999999
174,0.2,0.4,0.0001,0.000774263682681127,0.9069832451489056,0.6344075744445478,0.9099999999999999
175,0.2,0.5,0.0001,0.000774263682681127,0.9069832451489056,0.7312803397926668,0.9099999999999999
176,0.2,0.6,0.0001,0.000774263682681127,0.9069832451489057,0.8104367467321429,0.9099999999999999
177,0.2,0.7000000000000001,0.0001,0.000774263682681127,0.9069832451489054,0.8773657905489796,0.9099999999999999
178,0.2,0.8,0.0001,0.000774263682681127,0.9069832451489057,0.9353444262006277,0.9099999999999999
179,0.2,0.9,0.0001,0.000774263682681127,0.9069832451489056,0.9864865942293782,0.9099999999999999
180,0.30000000000000004,0.1,0.0001,0.000774263682681127,0.9069832451489059,-0.036116234224013936,0.9099999999999999
181,0.30000000000000004,0.2,0.0001,0.000774263682681127,0.9069832451489062,0.2645426675970196,0.9099999999999999
182,0.30000000000000004,0.30000000000000004,0.0001,0.000774263682681127,0.9069832451489059,0.44050993631546803,0.9099999999999999
183,0.30000000000000004,0.4,0.0001,0.000774263682681127,0.9069832451489063,0.565386622816157,0.9099999999999999
184,0.30000000000000004,0.5,0.0001,0.000774263682681127,0.9069832451489065,0.6622593881642759,0.9099999999999999
185,0.30000000000000004,0.6,0.0001,0.000774263682681127,0.9069832451489065,0.7414157951037523,0.9099999999999999
186,0.30000000000000004,0.7000000000000001,0.0001,0.000774263682681127,0.9069832451489062,0.8083448389205887,0.9099999999999999
187,0.30000000000000004,0.8,0.0001,0.000774263682681127,0.9069832451489063,0.866323474572237,0.9099999999999999
188,0.30000000000000004,0.9,0.0001,0.000774263682681127,0.9069832451489057,0.9174656426009878,0.9099999999999999
189,0.4,0.1,0.0001,0.000774263682681127,0.9069832451489057,-0.058738975209358356,0.9099999999999999
190,0.4,0.2,0.0001,0.000774263682681127,0.9069832451489059,0.24191992661167494,0.9099999999999999
191,0.4,0.30000000000000004,0.0001,0.000774263682681127,0.9069832451489059,0.4178871953301234,0.9099999999999999
192,0.4,0.4,0.0001,0.000774263682681127,0.9069832451489059,0.5427638818308126,0.9099999999999999
193,0.4,0.5,0.0001,0.000774263682681127,0.9069832451489062,0.6396366471789315,0.9099999999999999
194,0.4,0.6,0.0001,0.000774263682681127,0.9069832451489062,0.7187930541184079,0.9099999999999999
195,0.4,0.7000000000000001,0.0001,0.000774263682681127,0.9069832451489059,0.7857220979352444,0.9099999999999999
196,0.4,0.8,0.0001,0.000774263682681127,0.9069832451489057,0.8437007335868927,0.9099999999999999
197,0.4,0.9,0.0001,0.000774263682681127,0.9069832451489057,0.8948429016156434,0.9099999999999999
198,0.5,0.1,0.0001,0.000774263682681127,0.9069832451489057,-0.05593864279833187,0.9099999999999999
199,0.5,0.2,0.0001,0.000774263682681127,0.9069832451489056,0.2447202590227015,0.9099999999999999
200,0.5,0.30000000000000004,0.0001,0.000774263682681127,0.9069832451489057,0.42068752774115004,0.9099999999999999
201,0.5,0.4,0.0001,0.000774263682681127,0.9069832451489057,0.5455642142418391,0.9099999999999999
202,0.5,0.5,0.0001,0.000774263682681127,0.9069832451489056,0.6424369795899583,0.9099999999999999
203,0.5,0.6,0.0001,0.000774263682681127,0.9069832451489059,0.7215933865294344,0.9099999999999999
204,0.5,0.7000000000000001,0.0001,0.000774263682681127,0.9069832451489056,0.7885224303462708,0.9099999999999999
205,0.5,0.8,0.0001,0.000774263682681127,0.9069832451489056,0.8465010659979193,0.9099999999999999
206,0.5,0.9,0.0001,0.000774263682681127,0.9069832451489062,0.8976432340266693,0.9099999999999999
207,0.6,0.1,0.0001,0.000774263682681127,0.9069832451489057,-0.03705787078365665,0.9099999999999999
208,0.6,0.2,0.0001,0.000774263682681127,0.9069832451489059,0.26360103103737653,0.9099999999999999
209,0.6,0.30000000000000004,0.0001,0.000774263682681127,0.9069832451489056,0.4395682997558252,0.9099999999999999
210,0.6,0.4,0.0001,0.000774263682681127,0.9069832451489057,0.5644449862565144,0.9099999999999999
211,0.6,0.5,0.0001,0.000774263682681127,0.9069832451489056,0.6613177516046334,0.9099999999999999
212,0.6,0.6,0.0001,0.000774263682681127,0.9069832451489057,0.7404741585441096,0.9099999999999999
213,0.6,0.7000000000000001,0.0001,0.000774263682681127,0.9069832451489062,0.8074032023609456,0.9099999999999999
214,0.6,0.8,0.0001,0.000774263682681127,0.9069832451489056,0.8653818380125944,0.9099999999999999
215,0.6,0.9,0.0001,0.000774263682681127,0.9069832451489057,0.9165240060413449,0.9099999999999999
216,0.7000000000000001,0.1,0.0001,0.000774263682681127,0.9069832451489057,-0.007080226188432147,0.9099999999999999
217,0.7000000000000001,0.2,0.0001,0.000774263682681127,0.9069832451489057,0.29357867563260137,0.9099999999999999
218,0.7000000000000001,0.30000000000000004,0.0001,0.000774263682681127,0.9069832451489059,0.46954594435105,0.9099999999999999
219,0.7000000000000001,0.4,0.0001,0.000774263682681127,0.9069832451489056,0.5944226308517389,0.9099999999999999
220,0.7000000000000001,0.5,0.0001,0.000774263682681127,0.9069832451489059,0.6912953961998578,0.9099999999999999
221,0.7000000000000001,0.6,0.0001,0.000774263682681127,0.9069832451489057,0.7704518031393345,0.9099999999999999
222,0.7000000000000001,0.7000000000000001,0.0001,0.000774263682681127,0.9069832451489059,0.8373808469561705,0.9099999999999999
223,0.7000000000000001,0.8,0.0001,0.000774263682681127,0.9069832451489059,0.8953594826078192,0.9099999999999999
224,0.7000000000000001,0.9,0.0001,0.000774263682681127,0.9069832451489056,0.9465016506365698,0.9099999999999999
225,0.8,0.1,0.0001,0.000774263682681127,0.9069832451489059,0.03101957659921199,0.9099999999999999
226,0.8,0.2,0.0001,0.000774263682681127,0.9069832451489059,0.33167847842024556,0.9099999999999999
227,0.8,0.30000000000000004,0.0001,0.000774263682681127,0.9069832451489059,0.5076457471386941,0.9099999999999999
228,0.8,0.4,0.0001,0.000774263682681127,0.9069832451489057,0.6325224336393835,0.9099999999999999
229,0.8,0.5,0.0001,0.000774263682681127,0.9069832451489063,0.729395198987502,0.9099999999999999
230,0.8,0.6,0.0001,0.000774263682681127,0.9069832451489062,0.8085516059269784,0.9099999999999999
231,0.8,0.7000000000000001,0.0001,0.000774263682681127,0.9069832451489062,0.8754806497438145,0.9099999999999999
232,0.8,0.8,0.0001,0.000774263682681127,0.9069832451489059,0.9334592853954632,0.9099999999999999
233,0.8,0.9,0.0001,0.000774263682681127,0.9069832451489059,0.9846014534242137,0.9099999999999999
234,0.9,0.1,0.0001,0.000774263682681127,0.9069832451489062,0.07532280011078812,0.9099999999999999
235,0.9,0.2,0.0001,0.000774263682681127,0.9069832451489063,0.3759817019318214,0.9099999999999999
236,0.9,0.30000000000000004,0.0001,0.000774263682681127,0.9069832451489062,0.55194897065027,0.9099999999999999
237,0.9,0.4,0.0001,0.000774263682681127,0.9069832451489062,0.6768256571509592,0.9099999999999999
238,0.9,0.5,0.0001,0.000774263682681127,0.9069832451489062,0.7736984224990785,0.9099999999999999
239,0.9,0.6,0.0001,0.000774263682681127,0.9069832451489059,0.8528548294385547,0.9099999999999999
240,0.9,0.7000000000000001,0.0001,0.000774263682681127,0.9069832451489057,0.9197838732553911,0.9099999999999999
241,0.9,0.8,0.0001,0.000774263682681127,0.9069832451489063,0.9777625089070394,0.9099999999999999
242,0.9,0.9,0.0001,0.000774263682681127,0.9069832451489062,1.0289046769357895,0.9099999999999999
243,0.1,0.1,0.0001,0.002154434690031882,0.9069832451489056,0.21657031953893524,0.9099999999999999
244,0.1,0.2,0.0001,0.002154434690031882,0.906983245148905,0.5165774434746534,0.9099999999999999
245,0.1,0.30000000000000004,0.0001,0.002154434690031882,0.9069832451489053,0.69232550203482,0.9099999999999999
246,0.1,0.4,0.0001,0.002154434690031882,0.9069832451489053,0.8170922153271581,0.9099999999999999
247,0.1,0.5,0.0001,0.002154434690031882,0.906983245148905,0.913898878646117,0.9099999999999999
248,0.1,0.6,0.0001,0.002154434690031882,0.9069832451489054,0.9930111682857072,0.9099999999999999
249,0.1,0.7000000000000001,0.0001,0.002154434690031882,0.9069832451489047,1.059908675585907,0.9099999999999999
250,0.1,0.8,0.0001,0.002154434690031882,0.9069832451489053,1.1178636456292934,0.9099999999999999
251,0.1,0.9,0.0001,0.002154434690031882,0.9069832451489053,1.1689873992355584,0.9099999999999999
252,0.2,0.1,0.0001,0.002154434690031882,0.9069832451489054,0.034217077122309786,0.9099999999999999
253,0.2,0.2,0.0001,0.002154434690031882,0.9069832451489056,0.3342242010580276,0.9099999999999999
254,0.2,0.30000000000000004,0.0001,0.002154434690031882,0.9069832451489053,0.5099722596181945,0.9099999999999999
255,0.2,0.4,0.0001,0.002154434690031882,0.9069832451489056,0.6347389729105324,0.9099999999999999
256,0.2,0.5,0.0001,0.002154434690031882,0.9069832451489054,0.7315456362294913,0.9099999999999999
257,0.2,0.6,0.0001,0.002154434690031882,0.9069832451489056,0.8106579258690816,0.9099999999999999
258,0.2,0.7000000000000001,0.0001,0.002154434690031882,0.9069832451489056,0.8775554331692813,0.9099999999999999
259,0.2,0.8,0.0001,0.002154434690031882,0.9069832451489057,0.9355104032126678,0.9099999999999999
260,0.2,0.9,0.0001,0.002154434690031882,0.9069832451489056,0.9866341568189323,0.9099999999999999
261,0.30000000000000004,0.1,0.0001,0.002154434690031882,0.9069832451489059,-0.03480387450608072,0.9099999999999999
262,0.30000000000000004,0.2,0.0001,0.002154434690031882,0.9069832451489062,0.26520324942963686,0.9099999999999999
263,0.30000000000000004,0.30000000000000004,0.0001,0.002154434690031882,0.9069832451489062,0.4409513079898037,0.9099999999999999
264,0.30000000000000004,0.4,0.0001,0.002154434690031882,0.9069832451489063,0.5657180212821415,0.9099999999999999
265,0.30000000000000004,0.5,0.0001,0.002154434690031882,0.9069832451489059,0.6625246846011007,0.9099999999999999
266,0.30000000000000004,0.6,0.0001,0.002154434690031882,0.9069832451489063,0.7416369742406909,0.9099999999999999
267,0.30000000000000004,0.7000000000000001,0.0001,0.002154434690031882,0.9069832451489065,0.8085344815408906,0.9099999999999999
268,0.30000000000000004,0.8,0.0001,0.002154434690031882,0.9069832451489062,0.8664894515842771,0.9099999999999999
269,0.30000000000000004,0.9,0.0001,0.002154434690031882,0.9069832451489059,0.9176132051905419,0.9099999999999999
270,0.4,0.1,0.0001,0.002154434690031882,0.9069832451489057,-0.05742661549142528,0.9099999999999999
271,0.4,0.2,0.0001,0.002154434690031882,0.9069832451489057,0.2425805084442926,0.9099999999999999
272,0.4,0.30000000000000004,0.0001,0.002154434690031882,0.9069832451489059,0.4183285670044592,0.9099999999999999
273,0.4,0.4,0.0001,0.002154434690031882,0.9069832451489059,0.5430952802967971,0.9099999999999999
274,0.4,0.5,0.0001,0.002154434690031882,0.9069832451489062,0.639901943615756,0.9099999999999999
275,0.4,0.6,0.0001,0.002154434690031882,0.9069832451489062,0.7190142332553465,0.9099999999999999
276,0.4,0.7000000000000001,0.0001,0.002154434690031882,0.9069832451489059,0.7859117405555461,0.9099999999999999
277,0.4,0.8,0.0001,0.002154434690031882,0.9069832451489062,0.8438667105989326,0.9099999999999999
278,0.4,0.9,0.0001,0.002154434690031882,0.9069832451489062,0.8949904642051971,0.9099999999999999
279,0.5,0.1,0.0001,0.002154434690031882,0.9069832451489057,-0.05462628308039874,0.9099999999999999
280,0.5,0.2,0.0001,0.002154434690031882,0.9069832451489056,0.24538084085531908,0.9099999999999999
281,0.5,0.30000000000000004,0.0001,0.002154434690031882,0.9069832451489057,0.42112889941548576,0.9099999999999999
282,0.5,0.4,0.0001,0.002154434690031882,0.9069832451489056,0.545895612707824,0.9099999999999999
283,0.5,0.5,0.0001,0.002154434690031882,0.9069832451489057,0.6427022760267825,0.9099999999999999
284,0.5,0.6,0.0001,0.002154434690031882,0.9069832451489056,0.721814565666373,0.9099999999999999
285,0.5,0.7000000000000001,0.0001,0.002154434690031882,0.9069832451489056,0.7887120729665729,0.9099999999999999
286,0.5,0.8,0.0001,0.002154434690031882,0.9069832451489057,0.8466670430099592,0.9099999999999999
287,0.5,0.9,0.0001,0.002154434690031882,0.9069832451489059,0.8977907966162239,0.9099999999999999
288,0.6,0.1,0.0001,0.002154434690031882,0.9069832451489057,-0.03574551106572361,0.9099999999999999
289,0.6,0.2,0.0001,0.002154434690031882,0.9069832451489057,0.26426161286999417,0.9099999999999999
290,0.6,0.30000000000000004,0.0001,0.002154434690031882,0.9069832451489056,0.44000967143016084,0.9099999999999999
291,0.6,0.4,0.0001,0.002154434690031882,0.9069832451489056,0.5647763847224988,0.9099999999999999
292,0.6,0.5,0.0001,0.002154434690031882,0.9069832451489056,0.661583048041458,0.9099999999999999
293,0.6,0.6,0.0001,0.002154434690031882,0.9069832451489059,0.7406953376810481,0.9099999999999999
294,0.6,0.7000000000000001,0.0001,0.002154434690031882,0.9069832451489056,0.807592844981248,0.9099999999999999
295,0.6,0.8,0.0001,0.002154434690031882,0.9069832451489056,0.8655478150246344,0.9099999999999999
296,0.6,0.9,0.0001,0.002154434690031882,0.9069832451489059,0.916671568630899,0.9099999999999999
297,0.7000000000000001,0.1,0.0001,0.002154434690031882,0.9069832451489057,-0.0057678664704990295,0.9099999999999999
298,0.7000000000000001,0.2,0.0001,0.002154434690031882,0.9069832451489059,0.2942392574652186,0.9099999999999999
299,0.7000000000000001,0.30000000000000004,0.0001,0.002154434690031882,0.9069832451489059,0.4699873160253854,0.9099999999999999
300,0.7000000000000001,0.4,0.0001,0.002154434690031882,0.9069832451489062,0.5947540293177233,0.9099999999999999
301,0.7000000000000001,0.5,0.0001,0.002154434690031882,0.9069832451489062,0.6915606926366822,0.9099999999999999
302,0.7000000000000001,0.6,0.0001,0.002154434690031882,0.9069832451489056,0.7706729822762732,0.9099999999999999
303,0.7000000000000001,0.7000000000000001,0.0001,0.002154434690031882,0.9069832451489057,0.8375704895764727,0.9099999999999999
304,0.7000000000000001,0.8,0.0001,0.002154434690031882,0.9069832451489056,0.8955254596198593,0.9099999999999999
305,0.7000000000000001,0.9,0.0001,0.002154434690031882,0.9069832451489056,0.946649213226124,0.9099999999999999
306,0.8,0.1,0.0001,0.002154434690031882,0.9069832451489062,0.03233193631714508,0.9099999999999999
307,0.8,0.2,0.0001,0.002154434690031882,0.9069832451489062,0.33233906025286286,0.9099999999999999
308,0.8,0.30000000000000004,0.0001,0.002154434690031882,0.9069832451489062,0.5080871188130295,0.9099999999999999
309,0.8,0.4,0.0001,0.002154434690031882,0.9069832451489062,0.6328538321053674,0.9099999999999999
310,0.8,0.5,0.0001,0.002154434690031882,0.9069832451489059,0.7296604954243268,0.9099999999999999
311,0.8,0.6,0.0001,0.002154434690031882,0.9069832451489063,0.8087727850639167,0.9099999999999999
312,0.8,0.7000000000000001,0.0001,0.002154434690031882,0.9069832451489059,0.8756702923641166,0.9099999999999999
313,0.8,0.8,0.0001,0.002154434690031882,0.9069832451489059,0.9336252624075032,0.9099999999999999
314,0.8,0.9,0.0001,0.002154434690031882,0.9069832451489063,0.9847490160137676,0.9099999999999999
315,0.9,0.1,0.0001,0.002154434690031882,0.9069832451489059,0.07663515982872152,0.9099999999999999
316,0.9,0.2,0.0001,0.002154434690031882,0.9069832451489059,0.3766422837644392,0.9099999999999999
317,0.9,0.30000000000000004,0.0001,0.002154434690031882,0.9069832451489062,0.5523903423246058,0.9099999999999999
318,0.9,0.4,0.0001,0.002154434690031882,0.9069832451489063,0.6771570556169438,0.9099999999999999
319,0.9,0.5,0.0001,0.002154434690031882,0.9069832451489062,0.7739637189359028,0.9099999999999999
320,0.9,0.6,0.0001,0.002154434690031882,0.9069832451489059,0.8530760085754933,0.9099999999999999
321,0.9,0.7000000000000001,0.0001,0.002154434690031882,0.9069832451489059,0.919973515875693,0.9099999999999999
322,0.9,0.8,0.0001,0.002154434690031882,0.9069832451489063,0.9779284859190792,0.9099999999999999
323,0.9,0.9,0.0001,0.002154434690031882,0.9069832451489065,1.0290522395253436,0.9099999999999999
324,0.1,0.1,0.0001,0.005994842503189409,0.9069832451489056,0.22013635421943462,0.9099999999999999
325,0.1,0.2,0.0001,0.005994842503189409,0.9069832451489054,0.5183937895514197,0.9099999999999999
326,0.1,0.30000000000000004,0.0001,0.005994842503189409,0.9069832451489053,0.693543921091283,0.9099999999999999
327,0.1,0.4,0.0001,0.005994842503189409,0.9069832451489053,0.8180088668764818,0.9099999999999999
328,0.1,0.5,0.0001,0.005994842503189409,0.9069832451489054,0.9146335660701599,0.9099999999999999
329,0.1,0.6,0.0001,0.005994842503189409,0.9069832451489053,0.9936241682992393,0.9099999999999999
330,0.1,0.7000000000000001,0.0001,0.005994842503189409,0.9069832451489048,1.06043457041013,0.9099999999999999
331,0.1,0.8,0.0001,0.005994842503189409,0.9069832451489053,1.1183241098749241,0.9099999999999999
332,0.1,0.9,0.0001,0.005994842503189409,0.9069832451489053,1.169396912692774,0.9099999999999999
333,0.2,0.1,0.0001,0.005994842503189409,0.9069832451489056,0.037783111802809195,0.9099999999999999
334,0.2,0.2,0.0001,0.005994842503189409,0.9069832451489056,0.33604054713479403,0.9099999999999999
335,0.2,0.30000000000000004,0.0001,0.005994842503189409,0.9069832451489056,0.5111906786746574,0.9099999999999999
336,0.2,0.4,0.0001,0.005994842503189409,0.9069832451489053,0.6356556244598562,0.9099999999999999
337,0.2,0.5,0.0001,0.005994842503189409,0.9069832451489056,0.7322803236535345,0.9099999999999999
338,0.2,0.6,0.0001,0.005994842503189409,0.9069832451489057,0.8112709258826134,0.9099999999999999
339,0.2,0.7000000000000001,0.0001,0.005994842503189409,0.9069832451489057,0.8780813279935039,0.9099999999999999
340,0.2,0.8,0.0001,0.005994842503189409,0.9069832451489056,0.9359708674582986,0.9099999999999999
341,0.2,0.9,0.0001,0.005994842503189409,0.9069832451489054,0.9870436702761485,0.9099999999999999
342,0.30000000000000004,0.1,0.0001,0.005994842503189409,0.9069832451489059,-0.03123783982558138,0.9099999999999999
343,0.30000000000000004,0.2,0.0001,0.005994842503189409,0.9069832451489062,0.26701959550640353,0.9099999999999999
344,0.30000000000000004,0.30000000000000004,0.0001,0.005994842503189409,0.9069832451489063,0.44216972704626667,0.9099999999999999
345,0.30000000000000004,0.4,0.0001,0.005994842503189409,0.9069832451489062,0.5666346728314655,0.9099999999999999
346,0.30000000000000004,0.5,0.0001,0.005994842503189409,0.9069832451489062,0.6632593720251437,0.9099999999999999
347,0.30000000000000004,0.6,0.0001,0.005994842503189409,0.9069832451489062,0.742249974254223,0.9099999999999999
348,0.30000000000000004,0.7000000000000001,0.0001,0.005994842503189409,0.9069832451489059,0.8090603763651135,0.9099999999999999
349,0.30000000000000004,0.8,0.0001,0.005994842503189409,0.9069832451489059,0.8669499158299079,0.9099999999999999
350,0.30000000000000004,0.9,0.0001,0.005994842503189409,0.9069832451489059,0.9180227186477579,0.9099999999999999
351,0.4,0.1,0.0001,0.005994842503189409,0.9069832451489062,-0.05386058081092615,0.9099999999999999
352,0.4,0.2,0.0001,0.005994842503189409,0.9069832451489062,0.24439685452105894,0.9099999999999999
353,0.4,0.30000000000000004,0.0001,0.005994842503189409,0.9069832451489059,0.4195469860609222,0.9099999999999999
354,0.4,0.4,0.0001,0.005994842503189409,0.9069832451489059,0.5440119318461211,0.9099999999999999
355,0.4,0.5,0.0001,0.005994842503189409,0.9069832451489059,0.6406366310397992,0.9099999999999999
356,0.4,0.6,0.0001,0.005994842503189409,0.9069832451489062,0.7196272332688786,0.9099999999999999
357,0.4,0.7000000000000001,0.0001,0.005994842503189409,0.9069832451489062,0.7864376353797686,0.9099999999999999
358,0.4,0.8,0.0001,0.005994842503189409,0.9069832451489059,0.8443271748445633,0.9099999999999999
359,0.4,0.9,0.0001,0.005994842503189409,0.9069832451489063,0.895399977662413,0.9099999999999999
360,0.5,0.1,0.0001,0.005994842503189409,0.9069832451489054,-0.051060248399899345,0.9099999999999999
361,0.5,0.2,0.0001,0.005994842503189409,0.9069832451489057,0.24719718693208556,0.9099999999999999
362,0.5,0.30000000000000004,0.0001,0.005994842503189409,0.9069832451489056,0.4223473184719488,0.9099999999999999
363,0.5,0.4,0.0001,0.005994842503189409,0.9069832451489053,0.5468122642571476,0.9099999999999999
364,0.5,0.5,0.0001,0.005994842503189409,0.9069832451489057,0.6434369634508258,0.9099999999999999
365,0.5,0.6,0.0001,0.005994842503189409,0.9069832451489059,0.7224275656799051,0.9099999999999999
366,0.5,0.7000000000000001,0.0001,0.005994842503189409,0.9069832451489056,0.7892379677907954,0.9099999999999999
367,0.5,0.8,0.0001,0.005994842503189409,0.9069832451489056,0.8471275072555902,0.9099999999999999
368,0.5,0.9,0.0001,0.005994842503189409,0.9069832451489056,0.8982003100734397,0.9099999999999999
369,0.6,0.1,0.0001,0.005994842503189409,0.9069832451489056,-0.03217947638522416,0.9099999999999999
370,0.6,0.2,0.0001,0.005994842503189409,0.9069832451489056,0.2660779589467607,0.9099999999999999
371,0.6,0.30000000000000004,0.0001,0.005994842503189409,0.9069832451489059,0.44122809048662387,0.9099999999999999
372,0.6,0.4,0.0001,0.005994842503189409,0.9069832451489057,0.5656930362718225,0.9099999999999999
373,0.6,0.5,0.0001,0.005994842503189409,0.9069832451489056,0.6623177354655009,0.9099999999999999
374,0.6,0.6,0.0001,0.005994842503189409,0.9069832451489056,0.7413083376945803,0.9099999999999999
375,0.6,0.7000000000000001,0.0001,0.005994842503189409,0.9069832451489056,0.8081187398054703,0.9099999999999999
376,0.6,0.8,0.0001,0.005994842503189409,0.9069832451489056,0.8660082792702651,0.9099999999999999
377,0.6,0.9,0.0001,0.005994842503189409,0.9069832451489056,0.9170810820881151,0.9099999999999999
378,0.7000000000000001,0.1,0.0001,0.005994842503189409,0.9069832451489059,-0.0022018317899998646,0.9099999999999999
379,0.7000000000000001,0.2,0.0001,0.005994842503189409,0.9069832451489059,0.2960556035419851,0.9099999999999999
380,0.7000000000000001,0.30000000000000004,0.0001,0.005994842503189409,0.9069832451489057,0.4712057350818487,0.9099999999999999
381,0.7000000000000001,0.4,0.0001,0.005994842503189409,0.9069832451489062,0.5956706808670471,0.9099999999999999
382,0.7000000000000001,0.5,0.0001,0.005994842503189409,0.9069832451489057,0.6922953800607256,0.9099999999999999
383,0.7000000000000001,0.6,0.0001,0.005994842503189409,0.9069832451489057,0.7712859822898049,0.9099999999999999
384,0.7000000000000001,0.7000000000000001,0.0001,0.005994842503189409,0.9069832451489056,0.8380963844006952,0.9099999999999999
385,0.7000000000000001,0.8,0.0001,0.005994842503189409,0.9069832451489057,0.8959859238654898,0.9099999999999999
386,0.7000000000000001,0.9,0.0001,0.005994842503189409,0.9069832451489059,0.9470587266833395,0.9099999999999999
387,0.8,0.1,0.0001,0.005994842503189409,0.9069832451489059,0.03589797099764459,0.9099999999999999
388,0.8,0.2,0.0001,0.005994842503189409,0.9069832451489062,0.33415540632962937,0.9099999999999999
389,0.8,0.30000000000000004,0.0001,0.005994842503189409,0.9069832451489062,0.5093055378694925,0.9099999999999999
390,0.8,0.4,0.0001,0.005994842503189409,0.9069832451489062,0.6337704836546912,0.9099999999999999
391,0.8,0.5,0.0001,0.005994842503189409,0.9069832451489057,0.7303951828483697,0.9099999999999999
392,0.8,0.6,0.0001,0.005994842503189409,0.9069832451489063,0.8093857850774485,0.9099999999999999
393,0.8,0.7000000000000001,0.0001,0.005994842503189409,0.9069832451489059,0.8761961871883391,0.9099999999999999
394,0.8,0.8,0.0001,0.005994842503189409,0.9069832451489059,0.934085726653134,0.9099999999999999
395,0.8,0.9,0.0001,0.005994842503189409,0.9069832451489059,0.9851585294709835,0.9099999999999999
396,0.9,0.1,0.0001,0.005994842503189409,0.9069832451489062,0.08020119450922067,0.9099999999999999
397,0.9,0.2,0.0001,0.005994842503189409,0.9069832451489062,0.37845862984120554,0.9099999999999999
398,0.9,0.30000000000000004,0.0001,0.005994842503189409,0.9069832451489062,0.5536087613810687,0.9099999999999999
399,0.9,0.4,0.0001,0.005994842503189409,0.9069832451489057,0.6780737071662679,0.9099999999999999
400,0.9,0.5,0.0001,0.005994842503189409,0.9069832451489059,0.774698406359946,0.9099999999999999
401,0.9,0.6,0.0001,0.005994842503189409,0.9069832451489063,0.853689008589025,0.9099999999999999
402,0.9,0.7000000000000001,0.0001,0.005994842503189409,0.9069832451489059,0.9204994106999156,0.9099999999999999
403,0.9,0.8,0.0001,0.005994842503189409,0.9069832451489063,0.97838895016471,0.9099999999999999
404,0.9,0.9,0.0001,0.005994842503189409,0.9069832451489062,1.0294617529825598,0.9099999999999999
405,0.1,0.1,0.0001,0.016681005372000592,0.9069832451489054,0.22943031279098483,0.9099999999999999
406,0.1,0.2,0.0001,0.016681005372000592,0.9069832451489053,0.5232840246940523,0.9099999999999999
407,0.1,0.30000000000000004,0.0001,0.016681005372000592,0.9069832451489054,0.696860363531238,0.9099999999999999
408,0.1,0.4,0.0001,0.016681005372000592,0.9069832451489053,0.8205176414689707,0.9099999999999999
409,0.1,0.5,0.0001,0.016681005372000592,0.9069832451489053,0.916650966633697,0.9099999999999999
410,0.1,0.6,0.0001,0.016681005372000592,0.9069832451489053,0.9953111337637541,0.9099999999999999
411,0.1,0.7000000000000001,0.0001,0.016681005372000592,0.9069832451489053,1.0618841040234042,0.9099999999999999
412,0.1,0.8,0.0001,0.016681005372000592,0.906983245148905,1.1195947965168047,0.9099999999999999
413,0.1,0.9,0.0001,0.016681005372000592,0.9069832451489053,1.170528036351445,0.9099999999999999
414,0.2,0.1,0.0001,0.016681005372000592,0.9069832451489054,0.047077070374359195,0.9099999999999999
415,0.2,0.2,0.0001,0.016681005372000592,0.9069832451489056,0.3409307822774267,0.9099999999999999
416,0.2,0.30000000000000004,0.0001,0.016681005372000592,0.9069832451489056,0.5145071211146124,0.9099999999999999
417,0.2,0.4,0.0001,0.016681005372000592,0.9069832451489053,0.6381643990523449,0.9099999999999999
418,0.2,0.5,0.0001,0.016681005372000592,0.9069832451489056,0.7342977242170715,0.9099999999999999
419,0.2,0.6,0.0001,0.016681005372000592,0.9069832451489056,0.8129578913471283,0.9099999999999999
420,0.2,0.7000000000000001,0.0001,0.016681005372000592,0.9069832451489057,0.8795308616067785,0.9099999999999999
421,0.2,0.8,0.0001,0.016681005372000592,0.9069832451489056,0.9372415541001791,0.9099999999999999
422,0.2,0.9,0.0001,0.016681005372000592,0.9069832451489056,0.9881747939348194,0.9099999999999999
423,0.30000000000000004,0.1,0.0001,0.016681005372000592,0.9069832451489059,-0.021943881254031326,0.9099999999999999
424,0.30000000000000004,0.2,0.0001,0.016681005372000592,0.9069832451489059,0.2719098306490361,0.9099999999999999
425,0.30000000000000004,0.30000000000000004,0.0001,0.016681005372000592,0.9069832451489059,0.44548616948622194,0.9099999999999999
426,0.30000000000000004,0.4,0.0001,0.016681005372000592,0.9069832451489059,0.5691434474239543,0.9099999999999999
427,0.30000000000000004,0.5,0.0001,0.016681005372000592,0.9069832451489063,0.6652767725886808,0.9099999999999999
428,0.30000000000000004,0.6,0.0001,0.016681005372000592,0.9069832451489059,0.7439369397187379,0.9099999999999999
429,0.30000000000000004,0.7000000000000001,0.0001,0.016681005372000592,0.9069832451489063,0.8105099099783878,0.9099999999999999
430,0.30000000000000004,0.8,0.0001,0.016681005372000592,0.9069832451489059,0.8682206024717886,0.9099999999999999
431,0.30000000000000004,0.9,0.0001,0.016681005372000592,0.9069832451489063,0.9191538423064285,0.9099999999999999
432,0.4,0.1,0.0001,0.016681005372000592,0.9069832451489059,-0.044566622239375873,0.9099999999999999
433,0.4,0.2,0.0001,0.016681005372000592,0.9069832451489059,0.24928708966369156,0.9099999999999999
434,0.4,0.30000000000000004,0.0001,0.016681005372000592,0.9069832451489059,0.42286342850087716,0.9099999999999999
435,0.4,0.4,0.0001,0.016681005372000592,0.9069832451489059,0.54652070643861,0.9099999999999999
436,0.4,0.5,0.0001,0.016681005372000592,0.9069832451489059,0.6426540316033365,0.9099999999999999
437,0.4,0.6,0.0001,0.016681005372000592,0.9069832451489063,0.7213141987333931,0.9099999999999999
438,0.4,0.7000000000000001,0.0001,0.016681005372000592,0.9069832451489057,0.7878871689930435,0.9099999999999999
439,0.4,0.8,0.0001,0.016681005372000592,0.9069832451489062,0.8455978614864439,0.9099999999999999
440,0.4,0.9,0.0001,0.016681005372000592,0.9069832451489063,0.8965311013210838,0.9099999999999999
441,0.5,0.1,0.0001,0.016681005372000592,0.9069832451489056,-0.04176628982834925,0.9099999999999999
442,0.5,0.2,0.0001,0.016681005372000592,0.9069832451489056,0.2520874220747183,0.9099999999999999
443,0.5,0.30000000000000004,0.0001,0.016681005372000592,0.9069832451489057,0.4256637609119037,0.9099999999999999
444,0.5,0.4,0.0001,0.016681005372000592,0.9069832451489057,0.5493210388496361,0.9099999999999999
445,0.5,0.5,0.0001,0.016681005372000592,0.9069832451489057,0.6454543640143628,0.9099999999999999
446,0.5,0.6,0.0001,0.016681005372000592,0.9069832451489057,0.7241145311444198,0.9099999999999999
447,0.5,0.7000000000000001,0.0001,0.016681005372000592,0.9069832451489057,0.79068750140407,0.9099999999999999
448,0.5,0.8,0.0001,0.016681005372000592,0.9069832451489056,0.8483981938974704,0.9099999999999999
449,0.5,0.9,0.0001,0.016681005372000592,0.9069832451489056,0.8993314337321106,0.9099999999999999
450,0.6,0.1,0.0001,0.016681005372000592,0.9069832451489056,-0.022885517813673973,0.9099999999999999
451,0.6,0.2,0.0001,0.016681005372000592,0.9069832451489054,0.2709681940893935,0.9099999999999999
452,0.6,0.30000000000000004,0.0001,0.016681005372000592,0.9069832451489056,0.4445445329265791,0.9099999999999999
453,0.6,0.4,0.0001,0.016681005372000592,0.9069832451489056,0.5682018108643114,0.9099999999999999
454,0.6,0.5,0.0001,0.016681005372000592,0.9069832451489059,0.6643351360290379,0.9099999999999999
455,0.6,0.6,0.0001,0.016681005372000592,0.9069832451489059,0.7429953031590948,0.9099999999999999
456,0.6,0.7000000000000001,0.0001,0.016681005372000592,0.9069832451489056,0.8095682734187453,0.9099999999999999
457,0.6,0.8,0.0001,0.016681005372000592,0.9069832451489057,0.8672789659121456,0.9099999999999999
458,0.6,0.9,0.0001,0.016681005372000592,0.9069832451489057,0.9182122057467857,0.9099999999999999
459,0.7000000000000001,0.1,0.0001,0.016681005372000592,0.9069832451489057,0.007092126781550514,0.9099999999999999
460,0.7000000000000001,0.2,0.0001,0.016681005372000592,0.9069832451489057,0.3009458386846177,0.9099999999999999
461,0.7000000000000001,0.30000000000000004,0.0001,0.016681005372000592,0.9069832451489059,0.47452217752180353,0.9099999999999999
462,0.7000000000000001,0.4,0.0001,0.016681005372000592,0.9069832451489059,0.5981794554595359,0.9099999999999999
463,0.7000000000000001,0.5,0.0001,0.016681005372000592,0.9069832451489059,0.6943127806242627,0.9099999999999999
464,0.7000000000000001,0.6,0.0001,0.016681005372000592,0.9069832451489056,0.7729729477543199,0.9099999999999999
465,0.7000000000000001,0.7000000000000001,0.0001,0.016681005372000592,0.9069832451489057,0.8395459180139699,0.9099999999999999
466,0.7000000000000001,0.8,0.0001,0.016681005372000592,0.9069832451489056,0.8972566105073705,0.9099999999999999
467,0.7000000000000001,0.9,0.0001,0.016681005372000592,0.9069832451489059,0.9481898503420106,0.9099999999999999
468,0.8,0.1,0.0001,0.016681005372000592,0.9069832451489059,0.045191929569194586,0.9099999999999999
469,0.8,0.2,0.0001,0.016681005372000592,0.9069832451489059,0.33904564147226207,0.9099999999999999
470,0.8,0.30000000000000004,0.0001,0.016681005372000592,0.9069832451489062,0.5126219803094477,0.9099999999999999
471,0.8,0.4,0.0001,0.016681005372000592,0.9069832451489063,0.63627925824718,0.9099999999999999
472,0.8,0.5,0.0001,0.016681005372000592,0.9069832451489062,0.7324125834119068,0.9099999999999999
473,0.8,0.6,0.0001,0.016681005372000592,0.9069832451489059,0.8110727505419639,0.9099999999999999
474,0.8,0.7000000000000001,0.0001,0.016681005372000592,0.9069832451489063,0.8776457208016136,0.9099999999999999
475,0.8,0.8,0.0001,0.016681005372000592,0.9069832451489059,0.9353564132950145,0.9099999999999999
476,0.8,0.9,0.0001,0.016681005372000592,0.9069832451489059,0.9862896531296548,0.9099999999999999
477,0.9,0.1,0.0001,0.016681005372000592,0.9069832451489059,0.08949515308077081,0.9099999999999999
478,0.9,0.2,0.0001,0.016681005372000592,0.9069832451489062,0.38334886498383836,0.9099999999999999
479,0.9,0.30000000000000004,0.0001,0.016681005372000592,0.9069832451489062,0.5569252038210237,0.9099999999999999
480,0.9,0.4,0.0001,0.016681005372000592,0.9069832451489062,0.6805824817587565,0.9099999999999999
481,0.9,0.5,0.0001,0.016681005372000592,0.9069832451489059,0.7767158069234832,0.9099999999999999
482,0.9,0.6,0.0001,0.016681005372000592,0.9069832451489059,0.8553759740535399,0.9099999999999999
483,0.9,0.7000000000000001,0.0001,0.016681005372000592,0.9069832451489062,0.9219489443131902,0.9099999999999999
484,0.9,0.8,0.0001,0.016681005372000592,0.9069832451489059,0.9796596368065907,0.9099999999999999
485,0.9,0.9,0.0001,0.016681005372000592,0.9069832451489063,1.0305928766412307,0.9099999999999999
486,0.1,0.1,0.0001,0.046415888336127774,0.9069832451489054,0.2510177881112442,0.9099999999999999
487,0.1,0.2,0.0001,0.046415888336127774,0.9069832451489053,0.5357113801056891,0.9099999999999999
488,0.1,0.30000000000000004,0.0001,0.046415888336127774,0.9069832451489056,0.7055444692748652,0.9099999999999999
489,0.1,0.4,0.0001,0.046415888336127774,0.9069832451489053,0.8271864921391421,0.9099999999999999
490,0.1,0.5,0.0001,0.046415888336127774,0.9069832451489047,0.9220624912894964,0.9099999999999999
491,0.1,0.6,0.0001,0.046415888336127774,0.9069832451489048,0.9998638128041772,0.9099999999999999
492,0.1,0.7000000000000001,0.0001,0.046415888336127774,0.9069832451489053,1.0658130344599062,0.9099999999999999
493,0.1,0.8,0.0001,0.046415888336127774,0.9069832451489054,1.1230502168946814,0.9099999999999999
494,0.1,0.9,0.0001,0.046415888336127774,0.9069832451489053,1.1736117615427173,0.9099999999999999
495,0.2,0.1,0.0001,0.046415888336127774,0.9069832451489056,0.0686645456946187,0.9099999999999999
496,0.2,0.2,0.0001,0.046415888336127774,0.9069832451489056,0.35335813768906343,0.9099999999999999
497,0.2,0.30000000000000004,0.0001,0.046415888336127774,0.9069832451489059,0.5231912268582395,0.9099999999999999
498,0.2,0.4,0.0001,0.046415888336127774,0.9069832451489056,0.6448332497225163,0.9099999999999999
499,0.2,0.5,0.0001,0.046415888336127774,0.9069832451489056,0.7397092488728705,0.9099999999999999
500,0.2,0.6,0.0001,0.046415888336127774,0.9069832451489057,0.8175105703875515,0.9099999999999999
501,0.2,0.7000000000000001,0.0001,0.046415888336127774,0.9069832451489057,0.8834597920432804,0.9099999999999999
502,0.2,0.8,0.0001,0.046415888336127774,0.9069832451489056,0.9406969744780561,0.9099999999999999
503,0.2,0.9,0.0001,0.046415888336127774,0.9069832451489056,0.9912585191260914,0.9099999999999999
504,0.30000000000000004,0.1,0.0001,0.046415888336127774,0.9069832451489062,-0.0003564059337718167,0.9099999999999999
505,0.30000000000000004,0.2,0.0001,0.046415888336127774,0.9069832451489059,0.28433718606067293,0.9099999999999999
506,0.30000000000000004,0.30000000000000004,0.0001,0.046415888336127774,0.9069832451489057,0.4541702752298492,0.9099999999999999
507,0.30000000000000004,0.4,0.0001,0.046415888336127774,0.9069832451489059,0.5758122980941258,0.9099999999999999
508,0.30000000000000004,0.5,0.0001,0.046415888336127774,0.9069832451489059,0.6706882972444799,0.9099999999999999
509,0.30000000000000004,0.6,0.0001,0.046415888336127774,0.9069832451489065,0.7484896187591605,0.9099999999999999
510,0.30000000000000004,0.7000000000000001,0.0001,0.046415888336127774,0.9069832451489063,0.8144388404148899,0.9099999999999999
511,0.30000000000000004,0.8,0.0001,0.046415888336127774,0.9069832451489059,0.8716760228496654,0.9099999999999999
512,0.30000000000000004,0.9,0.0001,0.046415888336127774,0.9069832451489062,0.9222375674977009,0.9099999999999999
513,0.4,0.1,0.0001,0.046415888336127774,0.9069832451489059,-0.022979146919116414,0.9099999999999999
514,0.4,0.2,0.0001,0.046415888336127774,0.9069832451489059,0.2617144450753284,0.9099999999999999
515,0.4,0.30000000000000004,0.0001,0.046415888336127774,0.9069832451489062,0.4315475342445044,0.9099999999999999
516,0.4,0.4,0.0001,0.046415888336127774,0.9069832451489059,0.5531895571087813,0.9099999999999999
517,0.4,0.5,0.0001,0.046415888336127774,0.9069832451489059,0.6480655562591354,0.9099999999999999
518,0.4,0.6,0.0001,0.046415888336127774,0.9069832451489062,0.7258668777738161,0.9099999999999999
519,0.4,0.7000000000000001,0.0001,0.046415888336127774,0.9069832451489063,0.7918160994295452,0.9099999999999999
520,0.4,0.8,0.0001,0.046415888336127774,0.9069832451489062,0.8490532818643208,0.9099999999999999
521,0.4,0.9,0.0001,0.046415888336127774,0.9069832451489063,0.899614826512356,0.9099999999999999
522,0.5,0.1,0.0001,0.046415888336127774,0.9069832451489054,-0.020178814508089733,0.9099999999999999
523,0.5,0.2,0.0001,0.046415888336127774,0.9069832451489057,0.2645147774863549,0.9099999999999999
524,0.5,0.30000000000000004,0.0001,0.046415888336127774,0.9069832451489054,0.43434786665553116,0.9099999999999999
525,0.5,0.4,0.0001,0.046415888336127774,0.9069832451489057,0.5559898895198078,0.9099999999999999
526,0.5,0.5,0.0001,0.046415888336127774,0.9069832451489057,0.6508658886701619,0.9099999999999999
527,0.5,0.6,0.0001,0.046415888336127774,0.9069832451489059,0.7286672101848425,0.9099999999999999
528,0.5,0.7000000000000001,0.0001,0.046415888336127774,0.9069832451489054,0.7946164318405721,0.9099999999999999
529,0.5,0.8,0.0001,0.046415888336127774,0.9069832451489054,0.8518536142753476,0.9099999999999999
530,0.5,0.9,0.0001,0.046415888336127774,0.9069832451489056,0.9024151589233828,0.9099999999999999
531,0.6,0.1,0.0001,0.046415888336127774,0.9069832451489059,-0.0012980424934145723,0.9099999999999999
532,0.6,0.2,0.0001,0.046415888336127774,0.9069832451489056,0.28339554950103024,0.9099999999999999
533,0.6,0.30000000000000004,0.0001,0.046415888336127774,0.9069832451489057,0.45322863867020624,0.9099999999999999
534,0.6,0.4,0.0001,0.046415888336127774,0.9069832451489056,0.574870661534483,0.9099999999999999
535,0.6,0.5,0.0001,0.046415888336127774,0.9069832451489056,0.6697466606848371,0.9099999999999999
536,0.6,0.6,0.0001,0.046415888336127774,0.9069832451489057,0.7475479821995179,0.9099999999999999
537,0.6,0.7000000000000001,0.0001,0.046415888336127774,0.9069832451489057,0.8134972038552469,0.9099999999999999
538,0.6,0.8,0.0001,0.046415888336127774,0.9069832451489062,0.8707343862900222,0.9099999999999999
539,0.6,0.9,0.0001,0.046415888336127774,0.9069832451489057,0.9212959309380577,0.9099999999999999
540,0.7000000000000001,0.1,0.0001,0.046415888336127774,0.9069832451489057,0.02867960210180982,0.9099999999999999
541,0.7000000000000001,0.2,0.0001,0.046415888336127774,0.9069832451489059,0.3133731940962545,0.9099999999999999
542,0.7000000000000001,0.30000000000000004,0.0001,0.046415888336127774,0.9069832451489057,0.48320628326543097,0.9099999999999999
543,0.7000000000000001,0.4,0.0001,0.046415888336127774,0.9069832451489059,0.6048483061297076,0.9099999999999999
544,0.7000000000000001,0.5,0.0001,0.046415888336127774,0.9069832451489059,0.6997243052800617,0.9099999999999999
545,0.7000000000000001,0.6,0.0001,0.046415888336127774,0.9069832451489063,0.7775256267947425,0.9099999999999999
546,0.7000000000000001,0.7000000000000001,0.0001,0.046415888336127774,0.9069832451489057,0.8434748484504719,0.9099999999999999
547,0.7000000000000001,0.8,0.0001,0.046415888336127774,0.9069832451489059,0.9007120308852473,0.9099999999999999
548,0.7000000000000001,0.9,0.0001,0.046415888336127774,0.9069832451489059,0.9512735755332825,0.9099999999999999
549,0.8,0.1,0.0001,0.046415888336127774,0.9069832451489059,0.06677940488945418,0.9099999999999999
550,0.8,0.2,0.0001,0.046415888336127774,0.9069832451489059,0.35147299688389877,0.9099999999999999
551,0.8,0.30000000000000004,0.0001,0.046415888336127774,0.9069832451489062,0.5213060860530748,0.9099999999999999
552,0.8,0.4,0.0001,0.046415888336127774,0.9069832451489059,0.6429481089173515,0.9099999999999999
553,0.8,0.5,0.0001,0.046415888336127774,0.9069832451489059,0.737824108067706,0.9099999999999999
554,0.8,0.6,0.0001,0.046415888336127774,0.9069832451489059,0.8156254295823869,0.9099999999999999
555,0.8,0.7000000000000001,0.0001,0.046415888336127774,0.9069832451489062,0.8815746512381158,0.9099999999999999
556,0.8,0.8,0.0001,0.046415888336127774,0.9069832451489062,0.9388118336728913,0.9099999999999999
557,0.8,0.9,0.0001,0.046415888336127774,0.9069832451489063,0.9893733783209264,0.9099999999999999
558,0.9,0.1,0.0001,0.046415888336127774,0.9069832451489063,0.11108262840103027,0.9099999999999999
559,0.9,0.2,0.0001,0.046415888336127774,0.9069832451489062,0.395776220395475,0.9099999999999999
560,0.9,0.30000000000000004,0.0001,0.046415888336127774,0.9069832451489059,0.5656093095646513,0.9099999999999999
561,0.9,0.4,0.0001,0.046415888336127774,0.9069832451489062,0.6872513324289279,0.9099999999999999
562,0.9,0.5,0.0001,0.046415888336127774,0.9069832451489059,0.7821273315792824,0.9099999999999999
563,0.9,0.6,0.0001,0.046415888336127774,0.9069832451489066,0.8599286530939626,0.9099999999999999
564,0.9,0.7000000000000001,0.0001,0.046415888336127774,0.9069832451489063,0.9258778747496919,0.9099999999999999
565,0.9,0.8,0.0001,0.046415888336127774,0.9069832451489063,0.9831150571844676,0.9099999999999999
566,0.9,0.9,0.0001,0.046415888336127774,0.9069832451489062,1.033676601832503,0.9099999999999999
567,0.1,0.1,0.0001,0.12915496650148828,0.9069832451489056,0.2851872547453863,0.9099999999999999
568,0.1,0.2,0.0001,0.12915496650148828,0.9069832451489054,0.5625593922862461,0.9099999999999999
569,0.1,0.30000000000000004,0.0001,0.12915496650148828,0.9069832451489054,0.7259822224503518,0.9099999999999999
570,0.1,0.4,0.0001,0.12915496650148828,0.9069832451489053,0.8435500789569863,0.9099999999999999
571,0.1,0.5,0.0001,0.12915496650148828,0.9069832451489054,0.9356760355474949,0.9099999999999999
572,0.1,0.6,0.0001,0.12915496650148828,0.9069832451489053,1.0115087749386302,0.9099999999999999
573,0.1,0.7000000000000001,0.0001,0.12915496650148828,0.906983245148905,1.0759828076302405,0.9099999999999999
574,0.1,0.8,0.0001,0.12915496650148828,0.9069832451489053,1.1320746534229038,0.9099999999999999
575,0.1,0.9,0.0001,0.12915496650148828,0.9069832451489053,1.1817217525227892,0.9099999999999999
576,0.2,0.1,0.0001,0.12915496650148828,0.9069832451489056,0.10283401232876081,0.9099999999999999
577,0.2,0.2,0.0001,0.12915496650148828,0.9069832451489059,0.38020614986962026,0.9099999999999999
578,0.2,0.30000000000000004,0.0001,0.12915496650148828,0.9069832451489053,0.5436289800337263,0.9099999999999999
579,0.2,0.4,0.0001,0.12915496650148828,0.9069832451489054,0.6611968365403607,0.9099999999999999
580,0.2,0.5,0.0001,0.12915496650148828,0.9069832451489057,0.7533227931308691,0.9099999999999999
581,0.2,0.6,0.0001,0.12915496650148828,0.9069832451489057,0.8291555325220047,0.9099999999999999
582,0.2,0.7000000000000001,0.0001,0.12915496650148828,0.9069832451489054,0.8936295652136146,0.9099999999999999
583,0.2,0.8,0.0001,0.12915496650148828,0.9069832451489054,0.9497214110062782,0.9099999999999999
584,0.2,0.9,0.0001,0.12915496650148828,0.9069832451489059,0.9993685101061635,0.9099999999999999
585,0.30000000000000004,0.1,0.0001,0.12915496650148828,0.9069832451489059,0.03381306070037028,0.9099999999999999
586,0.30000000000000004,0.2,0.0001,0.12915496650148828,0.9069832451489062,0.3111851982412298,0.9099999999999999
587,0.30000000000000004,0.30000000000000004,0.0001,0.12915496650148828,0.9069832451489062,0.47460802840533545,0.9099999999999999
588,0.30000000000000004,0.4,0.0001,0.12915496650148828,0.9069832451489059,0.59217588491197,0.9099999999999999
589,0.30000000000000004,0.5,0.0001,0.12915496650148828,0.9069832451489062,0.6843018415024785,0.9099999999999999
590,0.30000000000000004,0.6,0.0001,0.12915496650148828,0.9069832451489062,0.760134580893614,0.9099999999999999
591,0.30000000000000004,0.7000000000000001,0.0001,0.12915496650148828,0.9069832451489063,0.8246086135852237,0.9099999999999999
592,0.30000000000000004,0.8,0.0001,0.12915496650148828,0.9069832451489063,0.8807004593778878,0.9099999999999999
593,0.30000000000000004,0.9,0.0001,0.12915496650148828,0.9069832451489059,0.930347558477773,0.9099999999999999
594,0.4,0.1,0.0001,0.12915496650148828,0.9069832451489057,0.011190319715025715,0.9099999999999999
595,0.4,0.2,0.0001,0.12915496650148828,0.9069832451489057,0.2885624572558854,0.9099999999999999
596,0.4,0.30000000000000004,0.0001,0.12915496650148828,0.9069832451489057,0.451985287419991,0.9099999999999999
597,0.4,0.4,0.0001,0.12915496650148828,0.9069832451489059,0.5695531439266256,0.9099999999999999
598,0.4,0.5,0.0001,0.12915496650148828,0.9069832451489059,0.661679100517134,0.9099999999999999
599,0.4,0.6,0.0001,0.12915496650148828,0.9069832451489062,0.7375118399082694,0.9099999999999999
600,0.4,0.7000000000000001,0.0001,0.12915496650148828,0.9069832451489059,0.8019858725998793,0.9099999999999999
601,0.4,0.8,0.0001,0.12915496650148828,0.9069832451489057,0.8580777183925432,0.9099999999999999
602,0.4,0.9,0.0001,0.12915496650148828,0.9069832451489059,0.9077248174924284,0.9099999999999999
603,0.5,0.1,0.0001,0.12915496650148828,0.9069832451489056,0.013990652126052203,0.9099999999999999
604,0.5,0.2,0.0001,0.12915496650148828,0.9069832451489056,0.29136278966691187,0.9099999999999999
605,0.5,0.30000000000000004,0.0001,0.12915496650148828,0.9069832451489056,0.45478561983101756,0.9099999999999999
606,0.5,0.4,0.0001,0.12915496650148828,0.9069832451489056,0.5723534763376522,0.9099999999999999
607,0.5,0.5,0.0001,0.12915496650148828,0.9069832451489057,0.6644794329281604,0.9099999999999999
608,0.5,0.6,0.0001,0.12915496650148828,0.9069832451489057,0.7403121723192958,0.9099999999999999
609,0.5,0.7000000000000001,0.0001,0.12915496650148828,0.9069832451489059,0.8047862050109057,0.9099999999999999
610,0.5,0.8,0.0001,0.12915496650148828,0.9069832451489056,0.8608780508035696,0.9099999999999999
611,0.5,0.9,0.0001,0.12915496650148828,0.9069832451489054,0.9105251499034551,0.9099999999999999
612,0.6,0.1,0.0001,0.12915496650148828,0.9069832451489056,0.03287142414072758,0.9099999999999999
613,0.6,0.2,0.0001,0.12915496650148828,0.9069832451489057,0.3102435616815871,0.9099999999999999
614,0.6,0.30000000000000004,0.0001,0.12915496650148828,0.9069832451489056,0.47366639184569276,0.9099999999999999
615,0.6,0.4,0.0001,0.12915496650148828,0.9069832451489056,0.5912342483523272,0.9099999999999999
616,0.6,0.5,0.0001,0.12915496650148828,0.9069832451489057,0.683360204942836,0.9099999999999999
617,0.6,0.6,0.0001,0.12915496650148828,0.9069832451489056,0.7591929443339712,0.9099999999999999
618,0.6,0.7000000000000001,0.0001,0.12915496650148828,0.9069832451489057,0.823666977025581,0.9099999999999999
619,0.6,0.8,0.0001,0.12915496650148828,0.9069832451489056,0.879758822818245,0.9099999999999999
620,0.6,0.9,0.0001,0.12915496650148828,0.9069832451489056,0.9294059219181301,0.9099999999999999
621,0.7000000000000001,0.1,0.0001,0.12915496650148828,0.9069832451489059,0.06284906873595186,0.9099999999999999
622,0.7000000000000001,0.2,0.0001,0.12915496650148828,0.9069832451489059,0.34022120627681146,0.9099999999999999
623,0.7000000000000001,0.30000000000000004,0.0001,0.12915496650148828,0.9069832451489059,0.5036440364409174,0.9099999999999999
624,0.7000000000000001,0.4,0.0001,0.12915496650148828,0.9069832451489059,0.6212118929475519,0.9099999999999999
625,0.7000000000000001,0.5,0.0001,0.12915496650148828,0.9069832451489059,0.7133378495380605,0.9099999999999999
626,0.7000000000000001,0.6,0.0001,0.12915496650148828,0.9069832451489059,0.7891705889291959,0.9099999999999999
627,0.7000000000000001,0.7000000000000001,0.0001,0.12915496650148828,0.9069832451489059,0.8536446216208058,0.9099999999999999
628,0.7000000000000001,0.8,0.0001,0.12915496650148828,0.9069832451489059,0.9097364674134696,0.9099999999999999
629,0.7000000000000001,0.9,0.0001,0.12915496650148828,0.9069832451489059,0.9593835665133547,0.9099999999999999
630,0.8,0.1,0.0001,0.12915496650148828,0.9069832451489059,0.1009488715235964,0.9099999999999999
631,0.8,0.2,0.0001,0.12915496650148828,0.9069832451489059,0.37832100906445565,0.9099999999999999
632,0.8,0.30000000000000004,0.0001,0.12915496650148828,0.9069832451489062,0.5417438392285613,0.9099999999999999
633,0.8,0.4,0.0001,0.12915496650148828,0.9069832451489059,0.6593116957351963,0.9099999999999999
634,0.8,0.5,0.0001,0.12915496650148828,0.9069832451489063,0.7514376523257043,0.9099999999999999
635,0.8,0.6,0.0001,0.12915496650148828,0.9069832451489059,0.8272703917168404,0.9099999999999999
636,0.8,0.7000000000000001,0.0001,0.12915496650148828,0.9069832451489062,0.89174442440845,0.9099999999999999
637,0.8,0.8,0.0001,0.12915496650148828,0.9069832451489059,0.9478362702011136,0.9099999999999999
638,0.8,0.9,0.0001,0.12915496650148828,0.9069832451489063,0.9974833693009988,0.9099999999999999
639,0.9,0.1,0.0001,0.12915496650148828,0.9069832451489059,0.1452520950351724,0.9099999999999999
640,0.9,0.2,0.0001,0.12915496650148828,0.9069832451489063,0.422624232576032,0.9099999999999999
641,0.9,0.30000000000000004,0.0001,0.12915496650148828,0.9069832451489062,0.5860470627401377,0.9099999999999999
642,0.9,0.4,0.0001,0.12915496650148828,0.9069832451489063,0.703614919246772,0.9099999999999999
643,0.9,0.5,0.0001,0.12915496650148828,0.9069832451489065,0.7957408758372804,0.9099999999999999
644,0.9,0.6,0.0001,0.12915496650148828,0.9069832451489062,0.8715736152284161,0.9099999999999999
645,0.9,0.7000000000000001,0.0001,0.12915496650148828,0.9069832451489056,0.9360476479200264,0.9099999999999999
646,0.9,0.8,0.0001,0.12915496650148828,0.9069832451489059,0.9921394937126898,0.9099999999999999
647,0.9,0.9,0.0001,0.12915496650148828,0.9069832451489063,1.041786592812575,0.9099999999999999
